"","temp","year","doy"
"1",11.41,1880,14
"2",11.61,1880,47
"3",12.44,1880,76
"4",13.37,1880,105
"5",14.38,1880,138
"6",14.95,1880,167
"7",15.25,1880,197
"8",15.2,1880,229
"9",14.52,1880,259
"10",13.41,1880,288
"11",12.33,1880,321
"12",11.68,1880,350
"13",11.39,1881,14
"14",11.71,1881,47
"15",12.56,1881,76
"16",13.58,1881,105
"17",14.54,1881,138
"18",14.97,1881,167
"19",15.43,1881,197
"20",15.27,1881,229
"21",14.52,1881,259
"22",13.43,1881,288
"23",12.37,1881,321
"24",11.79,1881,350
"25",11.75,1882,14
"26",11.99,1882,47
"27",12.57,1882,76
"28",13.36,1882,105
"29",14.33,1882,138
"30",14.93,1882,167
"31",15.27,1882,197
"32",15.23,1882,229
"33",14.53,1882,259
"34",13.41,1882,288
"35",12.39,1882,321
"36",11.5,1882,350
"37",11.3,1883,14
"38",11.48,1883,47
"39",12.41,1883,76
"40",13.35,1883,105
"41",14.31,1883,138
"42",15.08,1883,167
"43",15.37,1883,197
"44",15.16,1883,229
"45",14.46,1883,259
"46",13.54,1883,288
"47",12.32,1883,321
"48",11.75,1883,350
"49",11.46,1884,14
"50",11.78,1884,47
"51",12.17,1884,76
"52",13.12,1884,105
"53",14.14,1884,138
"54",14.8,1884,167
"55",15.11,1884,197
"56",15.03,1884,229
"57",14.4,1884,259
"58",13.4,1884,288
"59",12.21,1884,321
"60",11.55,1884,350
"61",11,1885,14
"62",11.51,1885,47
"63",12.26,1885,76
"64",13.11,1885,105
"65",14.02,1885,138
"66",14.72,1885,167
"67",15.09,1885,197
"68",14.98,1885,229
"69",14.38,1885,259
"70",13.41,1885,288
"71",12.31,1885,321
"72",11.75,1885,350
"73",11.15,1886,14
"74",11.34,1886,47
"75",12.09,1886,76
"76",13.24,1886,105
"77",14.23,1886,138
"78",14.81,1886,167
"79",15.25,1886,197
"80",14.99,1886,229
"81",14.43,1886,259
"82",13.37,1886,288
"83",12.28,1886,321
"84",11.6,1886,350
"85",10.87,1887,14
"86",11.28,1887,47
"87",12.17,1887,76
"88",13.18,1887,105
"89",14.17,1887,138
"90",14.91,1887,167
"91",15.17,1887,197
"92",14.95,1887,229
"93",14.41,1887,259
"94",13.29,1887,288
"95",12.29,1887,321
"96",11.53,1887,350
"97",11.25,1888,14
"98",11.49,1888,47
"99",12.11,1888,76
"100",13.32,1888,105
"101",14.25,1888,138
"102",14.98,1888,167
"103",15.32,1888,197
"104",15.14,1888,229
"105",14.55,1888,259
"106",13.66,1888,288
"107",12.57,1888,321
"108",11.81,1888,350
"109",11.5,1889,14
"110",12.02,1889,47
"111",12.58,1889,76
"112",13.62,1889,105
"113",14.47,1889,138
"114",15.05,1889,167
"115",15.35,1889,197
"116",15.09,1889,229
"117",14.42,1889,259
"118",13.39,1889,288
"119",12.21,1889,321
"120",11.57,1889,350
"121",11.17,1890,14
"122",11.4,1890,47
"123",12.13,1890,76
"124",13.23,1890,105
"125",14.08,1890,138
"126",14.91,1890,167
"127",15.15,1890,197
"128",14.91,1890,229
"129",14.3,1890,259
"130",13.4,1890,288
"131",12.11,1890,321
"132",11.54,1890,350
"133",11.25,1891,14
"134",11.37,1891,47
"135",12.34,1891,76
"136",13.25,1891,105
"137",14.31,1891,138
"138",14.95,1891,167
"139",15.25,1891,197
"140",15.12,1891,229
"141",14.51,1891,259
"142",13.43,1891,288
"143",12.24,1891,321
"144",11.81,1891,350
"145",11.3,1892,14
"146",11.74,1892,47
"147",12.12,1892,76
"148",13.19,1892,105
"149",14.24,1892,138
"150",14.93,1892,167
"151",15.11,1892,197
"152",15.02,1892,229
"153",14.5,1892,259
"154",13.51,1892,288
"155",12.13,1892,321
"156",11.48,1892,350
"157",10.78,1893,14
"158",11.28,1893,47
"159",12.3,1893,76
"160",13.26,1893,105
"161",14.14,1893,138
"162",14.9,1893,167
"163",15.28,1893,197
"164",15.04,1893,229
"165",14.44,1893,259
"166",13.46,1893,288
"167",12.36,1893,321
"168",11.54,1893,350
"169",11.07,1894,14
"170",11.56,1894,47
"171",12.3,1894,76
"172",13.08,1894,105
"173",14.17,1894,138
"174",14.75,1894,167
"175",15.19,1894,197
"176",15.06,1894,229
"177",14.39,1894,259
"178",13.42,1894,288
"179",12.29,1894,321
"180",11.65,1894,350
"181",11.18,1895,14
"182",11.42,1895,47
"183",12.2,1895,76
"184",13.31,1895,105
"185",14.2,1895,138
"186",14.95,1895,167
"187",15.26,1895,197
"188",15.12,1895,229
"189",14.54,1895,259
"190",13.54,1895,288
"191",12.38,1895,321
"192",11.71,1895,350
"193",11.37,1896,14
"194",11.72,1896,47
"195",12.26,1896,76
"196",13.22,1896,105
"197",14.32,1896,138
"198",15.04,1896,167
"199",15.4,1896,197
"200",15.24,1896,229
"201",14.6,1896,259
"202",13.71,1896,288
"203",12.5,1896,321
"204",11.81,1896,350
"205",11.43,1897,14
"206",11.68,1897,47
"207",12.39,1897,76
"208",13.5,1897,105
"209",14.46,1897,138
"210",15.04,1897,167
"211",15.4,1897,197
"212",15.2,1897,229
"213",14.58,1897,259
"214",13.52,1897,288
"215",12.36,1897,321
"216",11.66,1897,350
"217",11.57,1898,14
"218",11.55,1898,47
"219",12.02,1898,76
"220",13.22,1898,105
"221",14.18,1898,138
"222",14.97,1898,167
"223",15.21,1898,197
"224",15.04,1898,229
"225",14.46,1898,259
"226",13.31,1898,288
"227",12.17,1898,321
"228",11.62,1898,350
"229",11.42,1899,14
"230",11.46,1899,47
"231",12.17,1899,76
"232",13.32,1899,105
"233",14.25,1899,138
"234",14.84,1899,167
"235",15.26,1899,197
"236",15.21,1899,229
"237",14.61,1899,259
"238",13.6,1899,288
"239",12.67,1899,321
"240",11.59,1899,350
"241",11.23,1900,14
"242",11.79,1900,47
"243",12.53,1900,76
"244",13.44,1900,105
"245",14.39,1900,138
"246",15.06,1900,167
"247",15.29,1900,197
"248",15.2,1900,229
"249",14.61,1900,259
"250",13.74,1900,288
"251",12.48,1900,321
"252",11.79,1900,350
"253",11.37,1901,14
"254",11.74,1901,47
"255",12.58,1901,76
"256",13.5,1901,105
"257",14.32,1901,138
"258",15.03,1901,167
"259",15.28,1901,197
"260",15.09,1901,229
"261",14.44,1901,259
"262",13.35,1901,288
"263",12.37,1901,321
"264",11.58,1901,350
"265",11.41,1902,14
"266",11.78,1902,47
"267",12.24,1902,76
"268",13.24,1902,105
"269",14.15,1902,138
"270",14.86,1902,167
"271",15.14,1902,197
"272",15,1902,229
"273",14.37,1902,259
"274",13.36,1902,288
"275",12.19,1902,321
"276",11.44,1902,350
"277",11.35,1903,14
"278",11.79,1903,47
"279",12.3,1903,76
"280",13.11,1903,105
"281",14.08,1903,138
"282",14.73,1903,167
"283",15.07,1903,197
"284",14.84,1903,229
"285",14.16,1903,259
"286",13.16,1903,288
"287",12.12,1903,321
"288",11.35,1903,350
"289",10.95,1904,14
"290",11.27,1904,47
"291",12.04,1904,76
"292",13.02,1904,105
"293",13.96,1904,138
"294",14.67,1904,167
"295",14.91,1904,197
"296",14.8,1904,229
"297",14.11,1904,259
"298",13.25,1904,288
"299",12.37,1904,321
"300",11.52,1904,350
"301",11.23,1905,14
"302",11.25,1905,47
"303",12.3,1905,76
"304",13.18,1905,105
"305",14.18,1905,138
"306",14.87,1905,167
"307",15.16,1905,197
"308",15.09,1905,229
"309",14.47,1905,259
"310",13.39,1905,288
"311",12.47,1905,321
"312",11.72,1905,350
"313",11.3,1906,14
"314",11.55,1906,47
"315",12.34,1906,76
"316",13.47,1906,105
"317",14.21,1906,138
"318",14.96,1906,167
"319",15.19,1906,197
"320",15.09,1906,229
"321",14.38,1906,259
"322",13.44,1906,288
"323",12.17,1906,321
"324",11.71,1906,350
"325",11.15,1907,14
"326",11.33,1907,47
"327",12.25,1907,76
"328",13.15,1907,105
"329",14.01,1907,138
"330",14.73,1907,167
"331",15.07,1907,197
"332",14.95,1907,229
"333",14.32,1907,259
"334",13.41,1907,288
"335",12.08,1907,321
"336",11.39,1907,350
"337",11.14,1908,14
"338",11.52,1908,47
"339",11.97,1908,76
"340",13.08,1908,105
"341",14.1,1908,138
"342",14.77,1908,167
"343",15.07,1908,197
"344",14.83,1908,229
"345",14.3,1908,259
"346",13.2,1908,288
"347",12.02,1908,321
"348",11.36,1908,350
"349",10.86,1909,14
"350",11.38,1909,47
"351",11.98,1909,76
"352",12.93,1909,105
"353",13.93,1909,138
"354",14.64,1909,167
"355",14.97,1909,197
"356",14.96,1909,229
"357",14.28,1909,259
"358",13.25,1909,288
"359",12.23,1909,321
"360",11.29,1909,350
"361",11.17,1910,14
"362",11.43,1910,47
"363",12.02,1910,76
"364",13.1,1910,105
"365",14.13,1910,138
"366",14.76,1910,167
"367",15.08,1910,197
"368",14.93,1910,229
"369",14.27,1910,259
"370",13.23,1910,288
"371",12,1910,321
"372",11.19,1910,350
"373",10.96,1911,14
"374",11.27,1911,47
"375",11.91,1911,76
"376",12.99,1911,105
"377",13.97,1911,138
"378",14.66,1911,167
"379",15.01,1911,197
"380",14.86,1911,229
"381",14.26,1911,259
"382",13.38,1911,288
"383",12.34,1911,321
"384",11.65,1911,350
"385",11.34,1912,14
"386",11.7,1912,47
"387",12.15,1912,76
"388",13.35,1912,105
"389",14.26,1912,138
"390",14.92,1912,167
"391",15,1912,197
"392",14.75,1912,229
"393",14.09,1912,259
"394",13.07,1912,288
"395",12.16,1912,321
"396",11.42,1912,350
"397",11.18,1913,14
"398",11.39,1913,47
"399",12.1,1913,76
"400",13.13,1913,105
"401",14.04,1913,138
"402",14.7,1913,167
"403",15.06,1913,197
"404",14.96,1913,229
"405",14.32,1913,259
"406",13.32,1913,288
"407",12.35,1913,321
"408",11.83,1913,350
"409",11.63,1914,14
"410",11.75,1914,47
"411",12.28,1914,76
"412",13.23,1914,105
"413",14.26,1914,138
"414",14.9,1914,167
"415",15.19,1914,197
"416",15.13,1914,229
"417",14.5,1914,259
"418",13.61,1914,288
"419",12.39,1914,321
"420",11.81,1914,350
"421",11.38,1915,14
"422",11.81,1915,47
"423",12.43,1915,76
"424",13.59,1915,105
"425",14.41,1915,138
"426",14.93,1915,167
"427",15.3,1915,197
"428",15.07,1915,229
"429",14.46,1915,259
"430",13.4,1915,288
"431",12.42,1915,321
"432",11.63,1915,350
"433",11.46,1916,14
"434",11.7,1916,47
"435",12.24,1916,76
"436",13.22,1916,105
"437",14.13,1916,138
"438",14.66,1916,167
"439",15.05,1916,197
"440",15.01,1916,229
"441",14.3,1916,259
"442",13.32,1916,288
"443",12.08,1916,321
"444",11.04,1916,350
"445",11.01,1917,14
"446",11.21,1917,47
"447",11.89,1917,76
"448",12.97,1917,105
"449",13.92,1917,138
"450",14.72,1917,167
"451",15.17,1917,197
"452",15.07,1917,229
"453",14.43,1917,259
"454",13.2,1917,288
"455",12.2,1917,321
"456",11.17,1917,350
"457",11.1,1918,14
"458",11.5,1918,47
"459",12.27,1918,76
"460",13.08,1918,105
"461",14.04,1918,138
"462",14.78,1918,167
"463",15.1,1918,197
"464",14.97,1918,229
"465",14.49,1918,259
"466",13.58,1918,288
"467",12.43,1918,321
"468",11.56,1918,350
"469",11.38,1919,14
"470",11.6,1919,47
"471",12.31,1919,76
"472",13.4,1919,105
"473",14.2,1919,138
"474",14.79,1919,167
"475",15.13,1919,197
"476",14.97,1919,229
"477",14.41,1919,259
"478",13.45,1919,288
"479",12.13,1919,321
"480",11.43,1919,350
"481",11.34,1920,14
"482",11.58,1920,47
"483",12.4,1920,76
"484",13.28,1920,105
"485",14.2,1920,138
"486",14.79,1920,167
"487",15.12,1920,197
"488",15.03,1920,229
"489",14.45,1920,259
"490",13.38,1920,288
"491",12.28,1920,321
"492",11.39,1920,350
"493",11.53,1921,14
"494",11.67,1921,47
"495",12.29,1921,76
"496",13.22,1921,105
"497",14.17,1921,138
"498",14.88,1921,167
"499",15.28,1921,197
"500",15.04,1921,229
"501",14.48,1921,259
"502",13.61,1921,288
"503",12.4,1921,321
"504",11.67,1921,350
"505",11.25,1922,14
"506",11.4,1922,47
"507",12.37,1922,76
"508",13.29,1922,105
"509",14.14,1922,138
"510",14.83,1922,167
"511",15.14,1922,197
"512",14.96,1922,229
"513",14.3,1922,259
"514",13.32,1922,288
"515",12.39,1922,321
"516",11.66,1922,350
"517",11.3,1923,14
"518",11.45,1923,47
"519",12.18,1923,76
"520",13.12,1923,105
"521",14.14,1923,138
"522",14.85,1923,167
"523",15.11,1923,197
"524",14.96,1923,229
"525",14.35,1923,259
"526",13.5,1923,288
"527",12.52,1923,321
"528",11.8,1923,350
"529",11.35,1924,14
"530",11.6,1924,47
"531",12.44,1924,76
"532",13.21,1924,105
"533",14.29,1924,138
"534",14.89,1924,167
"535",15.13,1924,197
"536",14.93,1924,229
"537",14.34,1924,259
"538",13.29,1924,288
"539",12.33,1924,321
"540",11.42,1924,350
"541",11.19,1925,14
"542",11.44,1925,47
"543",12.24,1925,76
"544",13.27,1925,105
"545",14.18,1925,138
"546",14.82,1925,167
"547",15.16,1925,197
"548",15.09,1925,229
"549",14.46,1925,259
"550",13.47,1925,288
"551",12.58,1925,321
"552",11.9,1925,350
"553",11.78,1926,14
"554",11.87,1926,47
"555",12.63,1926,76
"556",13.4,1926,105
"557",14.23,1926,138
"558",14.9,1926,167
"559",15.14,1926,197
"560",15.16,1926,229
"561",14.52,1926,259
"562",13.53,1926,288
"563",12.47,1926,321
"564",11.55,1926,350
"565",11.31,1927,14
"566",11.66,1927,47
"567",12.13,1927,76
"568",13.21,1927,105
"569",14.22,1927,138
"570",14.87,1927,167
"571",15.23,1927,197
"572",15.05,1927,229
"573",14.53,1927,259
"574",13.63,1927,288
"575",12.48,1927,321
"576",11.52,1927,350
"577",11.56,1928,14
"578",11.75,1928,47
"579",12.27,1928,76
"580",13.24,1928,105
"581",14.17,1928,138
"582",14.76,1928,167
"583",15.23,1928,197
"584",15.06,1928,229
"585",14.44,1928,259
"586",13.45,1928,288
"587",12.45,1928,321
"588",11.68,1928,350
"589",11.13,1929,14
"590",11.25,1929,47
"591",12.19,1929,76
"592",13.1,1929,105
"593",14.09,1929,138
"594",14.71,1929,167
"595",15.05,1929,197
"596",14.96,1929,229
"597",14.4,1929,259
"598",13.5,1929,288
"599",12.43,1929,321
"600",11.31,1929,350
"601",11.28,1930,14
"602",11.57,1930,47
"603",12.41,1930,76
"604",13.27,1930,105
"605",14.22,1930,138
"606",14.92,1930,167
"607",15.2,1930,197
"608",15.14,1930,229
"609",14.5,1930,259
"610",13.52,1930,288
"611",12.71,1930,321
"612",11.79,1930,350
"613",11.47,1931,14
"614",11.62,1931,47
"615",12.41,1931,76
"616",13.29,1931,105
"617",14.27,1931,138
"618",15.06,1931,167
"619",15.38,1931,197
"620",15.25,1931,229
"621",14.59,1931,259
"622",13.68,1931,288
"623",12.48,1931,321
"624",11.79,1931,350
"625",11.73,1932,14
"626",11.67,1932,47
"627",12.34,1932,76
"628",13.46,1932,105
"629",14.3,1932,138
"630",14.86,1932,167
"631",15.16,1932,197
"632",15.07,1932,229
"633",14.55,1932,259
"634",13.55,1932,288
"635",12.27,1932,321
"636",11.59,1932,350
"637",11.35,1933,14
"638",11.55,1933,47
"639",12.22,1933,76
"640",13.28,1933,105
"641",14.18,1933,138
"642",14.81,1933,167
"643",15.2,1933,197
"644",15.05,1933,229
"645",14.36,1933,259
"646",13.39,1933,288
"647",12.23,1933,321
"648",11.4,1933,350
"649",11.37,1934,14
"650",11.82,1934,47
"651",12.23,1934,76
"652",13.21,1934,105
"653",14.37,1934,138
"654",15,1934,167
"655",15.32,1934,197
"656",15.17,1934,229
"657",14.51,1934,259
"658",13.57,1934,288
"659",12.57,1934,321
"660",11.83,1934,350
"661",11.25,1935,14
"662",11.98,1935,47
"663",12.38,1935,76
"664",13.15,1935,105
"665",14.18,1935,138
"666",14.88,1935,167
"667",15.21,1935,197
"668",15.07,1935,229
"669",14.44,1935,259
"670",13.58,1935,288
"671",12.28,1935,321
"672",11.68,1935,350
"673",11.31,1936,14
"674",11.46,1936,47
"675",12.31,1936,76
"676",13.32,1936,105
"677",14.3,1936,138
"678",14.93,1936,167
"679",15.32,1936,197
"680",15.16,1936,229
"681",14.57,1936,259
"682",13.61,1936,288
"683",12.56,1936,321
"684",11.84,1936,350
"685",11.51,1937,14
"686",11.87,1937,47
"687",12.31,1937,76
"688",13.37,1937,105
"689",14.42,1937,138
"690",15.1,1937,167
"691",15.38,1937,197
"692",15.31,1937,229
"693",14.75,1937,259
"694",13.73,1937,288
"695",12.62,1937,321
"696",11.78,1937,350
"697",11.66,1938,14
"698",11.87,1938,47
"699",12.61,1938,76
"700",13.58,1938,105
"701",14.37,1938,138
"702",14.98,1938,167
"703",15.33,1938,197
"704",15.23,1938,229
"705",14.66,1938,259
"706",13.79,1938,288
"707",12.62,1938,321
"708",11.72,1938,350
"709",11.53,1939,14
"710",11.77,1939,47
"711",12.34,1939,76
"712",13.43,1939,105
"713",14.43,1939,138
"714",15.08,1939,167
"715",15.36,1939,197
"716",15.23,1939,229
"717",14.59,1939,259
"718",13.6,1939,288
"719",12.61,1939,321
"720",12.28,1939,350
"721",11.58,1940,14
"722",11.92,1940,47
"723",12.61,1940,76
"724",13.69,1940,105
"725",14.58,1940,138
"726",15.26,1940,167
"727",15.54,1940,197
"728",15.36,1940,229
"729",14.81,1940,259
"730",13.75,1940,288
"731",12.7,1940,321
"732",12.16,1940,350
"733",11.76,1941,14
"734",12.15,1941,47
"735",12.62,1941,76
"736",13.68,1941,105
"737",14.64,1941,138
"738",15.28,1941,167
"739",15.63,1941,197
"740",15.44,1941,229
"741",14.68,1941,259
"742",13.99,1941,288
"743",12.76,1941,321
"744",12.06,1941,350
"745",11.87,1942,14
"746",11.86,1942,47
"747",12.57,1942,76
"748",13.61,1942,105
"749",14.58,1942,138
"750",15.19,1942,167
"751",15.42,1942,197
"752",15.25,1942,229
"753",14.63,1942,259
"754",13.65,1942,288
"755",12.64,1942,321
"756",11.97,1942,350
"757",11.57,1943,14
"758",12.01,1943,47
"759",12.49,1943,76
"760",13.63,1943,105
"761",14.54,1943,138
"762",15.1,1943,167
"763",15.5,1943,197
"764",15.3,1943,229
"765",14.71,1943,259
"766",13.87,1943,288
"767",12.74,1943,321
"768",12.09,1943,350
"769",11.94,1944,14
"770",12.08,1944,47
"771",12.78,1944,76
"772",13.71,1944,105
"773",14.66,1944,138
"774",15.3,1944,167
"775",15.6,1944,197
"776",15.47,1944,229
"777",14.94,1944,259
"778",13.9,1944,288
"779",12.65,1944,321
"780",11.89,1944,350
"781",11.68,1945,14
"782",11.84,1945,47
"783",12.58,1945,76
"784",13.71,1945,105
"785",14.52,1945,138
"786",15.15,1945,167
"787",15.45,1945,197
"788",15.55,1945,229
"789",14.86,1945,259
"790",13.82,1945,288
"791",12.61,1945,321
"792",11.78,1945,350
"793",11.73,1946,14
"794",11.86,1946,47
"795",12.53,1946,76
"796",13.57,1946,105
"797",14.4,1946,138
"798",14.94,1946,167
"799",15.3,1946,197
"800",15.09,1946,229
"801",14.58,1946,259
"802",13.56,1946,288
"803",12.49,1946,321
"804",11.54,1946,350
"805",11.51,1947,14
"806",11.76,1947,47
"807",12.58,1947,76
"808",13.58,1947,105
"809",14.45,1947,138
"810",15.13,1947,167
"811",15.38,1947,197
"812",15.22,1947,229
"813",14.53,1947,259
"814",13.71,1947,288
"815",12.57,1947,321
"816",11.72,1947,350
"817",11.64,1948,14
"818",11.69,1948,47
"819",12.27,1948,76
"820",13.4,1948,105
"821",14.46,1948,138
"822",15.1,1948,167
"823",15.31,1948,197
"824",15.17,1948,229
"825",14.51,1948,259
"826",13.59,1948,288
"827",12.42,1948,321
"828",11.61,1948,350
"829",11.65,1949,14
"830",11.7,1949,47
"831",12.5,1949,76
"832",13.41,1949,105
"833",14.37,1949,138
"834",14.88,1949,167
"835",15.29,1949,197
"836",15.16,1949,229
"837",14.51,1949,259
"838",13.57,1949,288
"839",12.44,1949,321
"840",11.67,1949,350
"841",11.32,1950,14
"842",11.57,1950,47
"843",12.44,1950,76
"844",13.31,1950,105
"845",14.36,1950,138
"846",15.1,1950,167
"847",15.33,1950,197
"848",15.13,1950,229
"849",14.55,1950,259
"850",13.44,1950,288
"851",12.2,1950,321
"852",11.64,1950,350
"853",11.24,1951,14
"854",11.43,1951,47
"855",12.32,1951,76
"856",13.38,1951,105
"857",14.47,1951,138
"858",15.08,1951,167
"859",15.41,1951,197
"860",15.35,1951,229
"861",14.71,1951,259
"862",13.72,1951,288
"863",12.53,1951,321
"864",12.01,1951,350
"865",11.69,1952,14
"866",11.95,1952,47
"867",12.44,1952,76
"868",13.55,1952,105
"869",14.44,1952,138
"870",15.12,1952,167
"871",15.46,1952,197
"872",15.34,1952,229
"873",14.73,1952,259
"874",13.64,1952,288
"875",12.41,1952,321
"876",11.83,1952,350
"877",11.66,1953,14
"878",11.99,1953,47
"879",12.63,1953,76
"880",13.71,1953,105
"881",14.59,1953,138
"882",15.27,1953,167
"883",15.43,1953,197
"884",15.34,1953,229
"885",14.7,1953,259
"886",13.72,1953,288
"887",12.51,1953,321
"888",11.9,1953,350
"889",11.34,1954,14
"890",11.74,1954,47
"891",12.38,1954,76
"892",13.38,1954,105
"893",14.27,1954,138
"894",14.96,1954,167
"895",15.23,1954,197
"896",15.12,1954,229
"897",14.56,1954,259
"898",13.62,1954,288
"899",12.62,1954,321
"900",11.67,1954,350
"901",11.71,1955,14
"902",11.68,1955,47
"903",12.2,1955,76
"904",13.3,1955,105
"905",14.27,1955,138
"906",15.01,1955,167
"907",15.31,1955,197
"908",15.31,1955,229
"909",14.55,1955,259
"910",13.59,1955,288
"911",12.29,1955,321
"912",11.57,1955,350
"913",11.45,1956,14
"914",11.6,1956,47
"915",12.31,1956,76
"916",13.24,1956,105
"917",14.18,1956,138
"918",14.99,1956,167
"919",15.33,1956,197
"920",15.03,1956,229
"921",14.47,1956,259
"922",13.41,1956,288
"923",12.39,1956,321
"924",11.79,1956,350
"925",11.49,1957,14
"926",11.81,1957,47
"927",12.47,1957,76
"928",13.52,1957,105
"929",14.56,1957,138
"930",15.3,1957,167
"931",15.44,1957,197
"932",15.44,1957,229
"933",14.75,1957,259
"934",13.65,1957,288
"935",12.61,1957,321
"936",12,1957,350
"937",11.97,1958,14
"938",12.06,1958,47
"939",12.6,1958,76
"940",13.53,1958,105
"941",14.53,1958,138
"942",15.06,1958,167
"943",15.47,1958,197
"944",15.24,1958,229
"945",14.64,1958,259
"946",13.68,1958,288
"947",12.56,1958,321
"948",11.86,1958,350
"949",11.66,1959,14
"950",11.91,1959,47
"951",12.7,1959,76
"952",13.68,1959,105
"953",14.51,1959,138
"954",15.18,1959,167
"955",15.45,1959,197
"956",15.28,1959,229
"957",14.6,1959,259
"958",13.57,1959,288
"959",12.46,1959,321
"960",11.85,1959,350
"961",11.58,1960,14
"962",11.97,1960,47
"963",12.17,1960,76
"964",13.37,1960,105
"965",14.39,1960,138
"966",15.11,1960,167
"967",15.38,1960,197
"968",15.31,1960,229
"969",14.73,1960,259
"970",13.7,1960,288
"971",12.43,1960,321
"972",12.04,1960,350
"973",11.65,1961,14
"974",12.03,1961,47
"975",12.61,1961,76
"976",13.65,1961,105
"977",14.59,1961,138
"978",15.26,1961,167
"979",15.43,1961,197
"980",15.3,1961,229
"981",14.75,1961,259
"982",13.64,1961,288
"983",12.57,1961,321
"984",11.69,1961,350
"985",11.63,1962,14
"986",11.99,1962,47
"987",12.62,1962,76
"988",13.57,1962,105
"989",14.41,1962,138
"990",15.18,1962,167
"991",15.44,1962,197
"992",15.28,1962,229
"993",14.66,1962,259
"994",13.65,1962,288
"995",12.6,1962,321
"996",11.82,1962,350
"997",11.55,1963,14
"998",12.02,1963,47
"999",12.38,1963,76
"1000",13.45,1963,105
"1001",14.41,1963,138
"1002",15.2,1963,167
"1003",15.48,1963,197
"1004",15.51,1963,229
"1005",14.84,1963,259
"1006",13.79,1963,288
"1007",12.69,1963,321
"1008",11.82,1963,350
"1009",11.49,1964,14
"1010",11.74,1964,47
"1011",12.31,1964,76
"1012",13.2,1964,105
"1013",14.22,1964,138
"1014",15.11,1964,167
"1015",15.38,1964,197
"1016",15.07,1964,229
"1017",14.37,1964,259
"1018",13.32,1964,288
"1019",12.33,1964,321
"1020",11.55,1964,350
"1021",11.5,1965,14
"1022",11.67,1965,47
"1023",12.39,1965,76
"1024",13.33,1965,105
"1025",14.35,1965,138
"1026",15.07,1965,167
"1027",15.29,1965,197
"1028",15.25,1965,229
"1029",14.51,1965,259
"1030",13.59,1965,288
"1031",12.48,1965,321
"1032",11.77,1965,350
"1033",11.39,1966,14
"1034",11.8,1966,47
"1035",12.56,1966,76
"1036",13.39,1966,105
"1037",14.35,1966,138
"1038",15.16,1966,167
"1039",15.5,1966,197
"1040",15.2,1966,229
"1041",14.63,1966,259
"1042",13.47,1966,288
"1043",12.53,1966,321
"1044",11.82,1966,350
"1045",11.5,1967,14
"1046",11.63,1967,47
"1047",12.57,1967,76
"1048",13.47,1967,105
"1049",14.59,1967,138
"1050",15.07,1967,167
"1051",15.44,1967,197
"1052",15.3,1967,229
"1053",14.6,1967,259
"1054",13.73,1967,288
"1055",12.49,1967,321
"1056",11.8,1967,350
"1057",11.33,1968,14
"1058",11.7,1968,47
"1059",12.72,1968,76
"1060",13.46,1968,105
"1061",14.33,1968,138
"1062",15.06,1968,167
"1063",15.29,1968,197
"1064",15.2,1968,229
"1065",14.47,1968,259
"1066",13.73,1968,288
"1067",12.49,1968,321
"1068",11.71,1968,350
"1069",11.47,1969,14
"1070",11.66,1969,47
"1071",12.53,1969,76
"1072",13.69,1969,105
"1073",14.65,1969,138
"1074",15.18,1969,167
"1075",15.38,1969,197
"1076",15.33,1969,229
"1077",14.75,1969,259
"1078",13.73,1969,288
"1079",12.66,1969,321
"1080",12.09,1969,350
"1081",11.66,1970,14
"1082",12.06,1970,47
"1083",12.58,1970,76
"1084",13.57,1970,105
"1085",14.43,1970,138
"1086",15.12,1970,167
"1087",15.43,1970,197
"1088",15.19,1970,229
"1089",14.78,1970,259
"1090",13.67,1970,288
"1091",12.56,1970,321
"1092",11.73,1970,350
"1093",11.55,1971,14
"1094",11.68,1971,47
"1095",12.34,1971,76
"1096",13.45,1971,105
"1097",14.42,1971,138
"1098",14.98,1971,167
"1099",15.34,1971,197
"1100",15.28,1971,229
"1101",14.6,1971,259
"1102",13.6,1971,288
"1103",12.47,1971,321
"1104",11.76,1971,350
"1105",11.36,1972,14
"1106",11.66,1972,47
"1107",12.54,1972,76
"1108",13.52,1972,105
"1109",14.44,1972,138
"1110",15.19,1972,167
"1111",15.43,1972,197
"1112",15.45,1972,229
"1113",14.68,1972,259
"1114",13.72,1972,288
"1115",12.56,1972,321
"1116",12.03,1972,350
"1117",11.87,1973,14
"1118",12.17,1973,47
"1119",12.81,1973,76
"1120",13.79,1973,105
"1121",14.7,1973,138
"1122",15.34,1973,167
"1123",15.55,1973,197
"1124",15.34,1973,229
"1125",14.75,1973,259
"1126",13.74,1973,288
"1127",12.59,1973,321
"1128",11.78,1973,350
"1129",11.48,1974,14
"1130",11.57,1974,47
"1131",12.47,1974,76
"1132",13.41,1974,105
"1133",14.43,1974,138
"1134",15.1,1974,167
"1135",15.39,1974,197
"1136",15.4,1974,229
"1137",14.59,1974,259
"1138",13.58,1974,288
"1139",12.46,1974,321
"1140",11.77,1974,350
"1141",11.68,1975,14
"1142",11.92,1975,47
"1143",12.64,1975,76
"1144",13.56,1975,105
"1145",14.63,1975,138
"1146",15.14,1975,167
"1147",15.41,1975,197
"1148",15.12,1975,229
"1149",14.63,1975,259
"1150",13.53,1975,288
"1151",12.37,1975,321
"1152",11.68,1975,350
"1153",11.55,1976,14
"1154",11.78,1976,47
"1155",12.31,1976,76
"1156",13.45,1976,105
"1157",14.27,1976,138
"1158",15.03,1976,167
"1159",15.32,1976,197
"1160",15.17,1976,229
"1161",14.6,1976,259
"1162",13.4,1976,288
"1163",12.48,1976,321
"1164",11.96,1976,350
"1165",11.76,1977,14
"1166",12.06,1977,47
"1167",12.76,1977,76
"1168",13.78,1977,105
"1169",14.8,1977,138
"1170",15.42,1977,167
"1171",15.62,1977,197
"1172",15.47,1977,229
"1173",14.68,1977,259
"1174",13.67,1977,288
"1175",12.7,1977,321
"1176",11.88,1977,350
"1177",11.64,1978,14
"1178",11.94,1978,47
"1179",12.71,1978,76
"1180",13.69,1978,105
"1181",14.56,1978,138
"1182",15.14,1978,167
"1183",15.46,1978,197
"1184",15.16,1978,229
"1185",14.72,1978,259
"1186",13.67,1978,288
"1187",12.68,1978,321
"1188",11.93,1978,350
"1189",11.66,1979,14
"1190",11.74,1979,47
"1191",12.71,1979,76
"1192",13.67,1979,105
"1193",14.51,1979,138
"1194",15.29,1979,167
"1195",15.46,1979,197
"1196",15.46,1979,229
"1197",14.91,1979,259
"1198",13.9,1979,288
"1199",12.82,1979,321
"1200",12.33,1979,350
"1201",11.88,1980,14
"1202",12.23,1980,47
"1203",12.82,1980,76
"1204",13.82,1980,105
"1205",14.82,1980,138
"1206",15.35,1980,167
"1207",15.64,1980,197
"1208",15.47,1980,229
"1209",14.86,1980,259
"1210",13.77,1980,288
"1211",12.84,1980,321
"1212",12.06,1980,350
"1213",12.1,1981,14
"1214",12.26,1981,47
"1215",13,1981,76
"1216",13.84,1981,105
"1217",14.72,1981,138
"1218",15.44,1981,167
"1219",15.74,1981,197
"1220",15.64,1981,229
"1221",14.81,1981,259
"1222",13.76,1981,288
"1223",12.77,1981,321
"1224",12.26,1981,350
"1225",11.63,1982,14
"1226",12,1982,47
"1227",12.55,1982,76
"1228",13.67,1982,105
"1229",14.65,1982,138
"1230",15.21,1982,167
"1231",15.56,1982,197
"1232",15.33,1982,229
"1233",14.8,1982,259
"1234",13.77,1982,288
"1235",12.72,1982,321
"1236",12.27,1982,350
"1237",12.11,1983,14
"1238",12.27,1983,47
"1239",12.94,1983,76
"1240",13.8,1983,105
"1241",14.81,1983,138
"1242",15.38,1983,167
"1243",15.6,1983,197
"1244",15.65,1983,229
"1245",15.03,1983,259
"1246",13.81,1983,288
"1247",12.84,1983,321
"1248",12.02,1983,350
"1249",11.89,1984,14
"1250",11.98,1984,47
"1251",12.78,1984,76
"1252",13.58,1984,105
"1253",14.8,1984,138
"1254",15.17,1984,167
"1255",15.61,1984,197
"1256",15.48,1984,229
"1257",14.87,1984,259
"1258",13.78,1984,288
"1259",12.61,1984,321
"1260",11.81,1984,350
"1261",11.8,1985,14
"1262",11.8,1985,47
"1263",12.69,1985,76
"1264",13.64,1985,105
"1265",14.61,1985,138
"1266",15.3,1985,167
"1267",15.46,1985,197
"1268",15.46,1985,229
"1269",14.79,1985,259
"1270",13.76,1985,288
"1271",12.59,1985,321
"1272",11.99,1985,350
"1273",11.84,1986,14
"1274",12.21,1986,47
"1275",12.82,1986,76
"1276",13.74,1986,105
"1277",14.68,1986,138
"1278",15.27,1986,167
"1279",15.53,1986,197
"1280",15.45,1986,229
"1281",14.69,1986,259
"1282",13.79,1986,288
"1283",12.64,1986,321
"1284",11.98,1986,350
"1285",11.9,1987,14
"1286",12.27,1987,47
"1287",12.7,1987,76
"1288",13.77,1987,105
"1289",14.72,1987,138
"1290",15.5,1987,167
"1291",15.82,1987,197
"1292",15.54,1987,229
"1293",15.01,1987,259
"1294",13.97,1987,288
"1295",12.83,1987,321
"1296",12.31,1987,350
"1297",12.14,1988,14
"1298",12.28,1988,47
"1299",13.04,1988,76
"1300",13.95,1988,105
"1301",14.91,1988,138
"1302",15.55,1988,167
"1303",15.75,1988,197
"1304",15.68,1988,229
"1305",15.03,1988,259
"1306",14.02,1988,288
"1307",12.66,1988,321
"1308",12.14,1988,350
"1309",11.7,1989,14
"1310",12.14,1989,47
"1311",12.88,1989,76
"1312",13.81,1989,105
"1313",14.64,1989,138
"1314",15.32,1989,167
"1315",15.76,1989,197
"1316",15.62,1989,229
"1317",15.01,1989,259
"1318",13.93,1989,288
"1319",12.73,1989,321
"1320",12.22,1989,350
"1321",11.99,1990,14
"1322",12.28,1990,47
"1323",13.32,1990,76
"1324",14.08,1990,105
"1325",14.92,1990,138
"1326",15.53,1990,167
"1327",15.88,1990,197
"1328",15.63,1990,229
"1329",14.89,1990,259
"1330",14.09,1990,288
"1331",13.01,1990,321
"1332",12.26,1990,350
"1333",12.01,1991,14
"1334",12.34,1991,47
"1335",12.87,1991,76
"1336",14.03,1991,105
"1337",14.81,1991,138
"1338",15.68,1991,167
"1339",15.89,1991,197
"1340",15.68,1991,229
"1341",15.1,1991,259
"1342",13.93,1991,288
"1343",12.83,1991,321
"1344",12.17,1991,350
"1345",12.05,1992,14
"1346",12.24,1992,47
"1347",13,1992,76
"1348",13.79,1992,105
"1349",14.78,1992,138
"1350",15.41,1992,167
"1351",15.51,1992,197
"1352",15.37,1992,229
"1353",14.65,1992,259
"1354",13.7,1992,288
"1355",12.56,1992,321
"1356",12.06,1992,350
"1357",11.93,1993,14
"1358",12.21,1993,47
"1359",12.88,1993,76
"1360",13.8,1993,105
"1361",14.76,1993,138
"1362",15.38,1993,167
"1363",15.67,1993,197
"1364",15.4,1993,229
"1365",14.78,1993,259
"1366",13.87,1993,288
"1367",12.58,1993,321
"1368",12.03,1993,350
"1369",11.84,1994,14
"1370",11.87,1994,47
"1371",12.81,1994,76
"1372",13.93,1994,105
"1373",14.75,1994,138
"1374",15.59,1994,167
"1375",15.72,1994,197
"1376",15.51,1994,229
"1377",14.98,1994,259
"1378",14.06,1994,288
"1379",12.98,1994,321
"1380",12.23,1994,350
"1381",12.1,1995,14
"1382",12.63,1995,47
"1383",12.99,1995,76
"1384",13.99,1995,105
"1385",14.74,1995,138
"1386",15.58,1995,167
"1387",15.87,1995,197
"1388",15.74,1995,229
"1389",15,1995,259
"1390",14.12,1995,288
"1391",12.98,1995,321
"1392",12.11,1995,350
"1393",11.82,1996,14
"1394",12.3,1996,47
"1395",12.85,1996,76
"1396",13.84,1996,105
"1397",14.75,1996,138
"1398",15.4,1996,167
"1399",15.79,1996,197
"1400",15.77,1996,229
"1401",14.91,1996,259
"1402",13.84,1996,288
"1403",12.93,1996,321
"1404",12.22,1996,350
"1405",11.88,1997,14
"1406",12.25,1997,47
"1407",13.04,1997,76
"1408",13.86,1997,105
"1409",14.81,1997,138
"1410",15.69,1997,167
"1411",15.76,1997,197
"1412",15.71,1997,229
"1413",15.18,1997,259
"1414",14.25,1997,288
"1415",13.19,1997,321
"1416",12.44,1997,350
"1417",12.17,1998,14
"1418",12.72,1998,47
"1419",13.15,1998,76
"1420",14.16,1998,105
"1421",15.15,1998,138
"1422",15.92,1998,167
"1423",16.08,1998,197
"1424",15.95,1998,229
"1425",15.08,1998,259
"1426",14.06,1998,288
"1427",12.97,1998,321
"1428",12.4,1998,350
"1429",12.07,1999,14
"1430",12.48,1999,47
"1431",12.84,1999,76
"1432",13.84,1999,105
"1433",14.74,1999,138
"1434",15.51,1999,167
"1435",15.8,1999,197
"1436",15.61,1999,229
"1437",15.05,1999,259
"1438",13.98,1999,288
"1439",12.92,1999,321
"1440",12.26,1999,350
"1441",11.83,2000,14
"1442",12.4,2000,47
"1443",13.07,2000,76
"1444",14.08,2000,105
"1445",14.83,2000,138
"1446",15.55,2000,167
"1447",15.81,2000,197
"1448",15.71,2000,229
"1449",15.04,2000,259
"1450",13.92,2000,288
"1451",12.85,2000,321
"1452",12.14,2000,350
"1453",12.04,2001,14
"1454",12.28,2001,47
"1455",13.08,2001,76
"1456",14.03,2001,105
"1457",15.05,2001,138
"1458",15.67,2001,167
"1459",16.01,2001,197
"1460",15.79,2001,229
"1461",15.18,2001,259
"1462",14.15,2001,288
"1463",13.27,2001,321
"1464",12.41,2001,350
"1465",12.35,2002,14
"1466",12.63,2002,47
"1467",13.4,2002,76
"1468",14.1,2002,105
"1469",15.11,2002,138
"1470",15.68,2002,167
"1471",16.03,2002,197
"1472",15.82,2002,229
"1473",15.29,2002,259
"1474",14.18,2002,288
"1475",13.13,2002,321
"1476",12.29,2002,350
"1477",12.33,2003,14
"1478",12.42,2003,47
"1479",13.12,2003,76
"1480",14.07,2003,105
"1481",15.07,2003,138
"1482",15.63,2003,167
"1483",16,2003,197
"1484",15.94,2003,229
"1485",15.28,2003,259
"1486",14.37,2003,288
"1487",13.08,2003,321
"1488",12.6,2003,350
"1489",12.16,2004,14
"1490",12.57,2004,47
"1491",13.15,2004,76
"1492",14.13,2004,105
"1493",14.85,2004,138
"1494",15.59,2004,167
"1495",15.69,2004,197
"1496",15.76,2004,229
"1497",15.16,2004,259
"1498",14.24,2004,288
"1499",13.27,2004,321
"1500",12.36,2004,350
"1501",12.32,2005,14
"1502",12.44,2005,47
"1503",13.26,2005,76
"1504",14.2,2005,105
"1505",15.1,2005,138
"1506",15.79,2005,167
"1507",16.04,2005,197
"1508",15.9,2005,229
"1509",15.37,2005,259
"1510",14.39,2005,288
"1511",13.28,2005,321
"1512",12.53,2005,350
"1513",12.14,2006,14
"1514",12.57,2006,47
"1515",13.15,2006,76
"1516",14,2006,105
"1517",14.96,2006,138
"1518",15.81,2006,167
"1519",15.97,2006,197
"1520",16,2006,229
"1521",15.31,2006,259
"1522",14.33,2006,288
"1523",13.27,2006,321
"1524",12.64,2006,350
"1525",12.6,2007,14
"1526",12.54,2007,47
"1527",13.25,2007,76
"1528",14.28,2007,105
"1529",15.16,2007,138
"1530",15.76,2007,167
"1531",16.03,2007,197
"1532",15.88,2007,229
"1533",15.26,2007,259
"1534",14.22,2007,288
"1535",13.13,2007,321
"1536",12.35,2007,350
"1537",11.88,2008,14
"1538",12.22,2008,47
"1539",13.26,2008,76
"1540",14.06,2008,105
"1541",14.96,2008,138
"1542",15.64,2008,167
"1543",16.02,2008,197
"1544",15.76,2008,229
"1545",15.27,2008,259
"1546",14.31,2008,288
"1547",13.23,2008,321
"1548",12.39,2008,350
"1549",12.23,2009,14
"1550",12.37,2009,47
"1551",13.06,2009,76
"1552",14.13,2009,105
"1553",15.12,2009,138
"1554",15.8,2009,167
"1555",16.16,2009,197
"1556",15.97,2009,229
"1557",15.38,2009,259
"1558",14.29,2009,288
"1559",13.35,2009,321
"1560",12.53,2009,350
"1561",12.33,2010,14
"1562",12.68,2010,47
"1563",13.44,2010,76
"1564",14.37,2010,105
"1565",15.22,2010,138
"1566",15.82,2010,167
"1567",16.04,2010,197
"1568",15.96,2010,229
"1569",15.29,2010,259
"1570",14.35,2010,288
"1571",13.36,2010,321
"1572",12.3,2010,350
"1573",12.1,2011,14
"1574",12.32,2011,47
"1575",13.18,2011,76
"1576",14.17,2011,105
"1577",15,2011,138
"1578",15.77,2011,167
"1579",16.12,2011,197
"1580",16.03,2011,229
"1581",15.23,2011,259
"1582",14.3,2011,288
"1583",13.12,2011,321
"1584",12.46,2011,350
"1585",12.07,2012,14
"1586",12.33,2012,47
"1587",13.1,2012,76
"1588",14.24,2012,105
"1589",15.26,2012,138
"1590",15.79,2012,167
"1591",16,2012,197
"1592",15.92,2012,229
"1593",15.38,2012,259
"1594",14.43,2012,288
"1595",13.32,2012,321
"1596",12.38,2012,350
"1597",12.28,2013,14
"1598",12.46,2013,47
"1599",13.19,2013,76
"1600",14.06,2013,105
"1601",15.08,2013,138
"1602",15.84,2013,167
"1603",16.02,2013,197
"1604",15.99,2013,229
"1605",15.43,2013,259
"1606",14.33,2013,288
"1607",13.38,2013,321
"1608",12.55,2013,350
"1609",12.33,2014,14
"1610",12.39,2014,47
"1611",13.3,2014,76
"1612",14.32,2014,105
"1613",15.33,2014,138
"1614",15.82,2014,167
"1615",16,2014,197
"1616",16.11,2014,229
"1617",15.53,2014,259
"1618",14.44,2014,288
"1619",13.21,2014,321
"1620",12.64,2014,350
"1621",12.43,2015,14
"1622",12.74,2015,47
"1623",13.47,2015,76
"1624",14.27,2015,105
"1625",15.27,2015,138
"1626",15.96,2015,167
"1627",16.15,2015,197
"1628",16.09,2015,229
"1629",15.51,2015,259
"1630",14.73,2015,288
"1631",13.59,2015,321
"1632",13,2015,350
"1633",12.75,2016,14
"1634",13.21,2016,47
"1635",13.88,2016,76
"1636",14.63,2016,105
"1637",15.42,2016,138
"1638",15.95,2016,167
"1639",16.27,2016,197
"1640",16.3,2016,229
"1641",15.56,2016,259
"1642",14.52,2016,288
"1643",13.45,2016,321
"1644",12.71,2016,350
"1645",12.6,2017,14
"1646",12.98,2017,47
"1647",13.69,2017,76
"1648",14.46,2017,105
"1649",15.38,2017,138
"1650",15.87,2017,167
"1651",16.23,2017,197
"1652",16.16,2017,229
"1653",15.43,2017,259
"1654",14.54,2017,288
"1655",13.42,2017,321
"1656",12.79,2017,350
"1657",12.39,2018,14
"1658",12.68,2018,47
"1659",13.4,2018,76
"1660",14.41,2018,105
"1661",15.29,2018,138
"1662",15.92,2018,167
"1663",16.24,2018,197
"1664",16.05,2018,229
"1665",15.46,2018,259
"1666",14.65,2018,288
"1667",13.37,2018,321
"1668",12.77,2018,350
"1669",12.51,2019,14
"1670",12.79,2019,47
"1671",13.69,2019,76
"1672",14.53,2019,105
"1673",15.32,2019,138
"1674",16.06,2019,167
"1675",16.36,2019,197
"1676",16.23,2019,229
"1677",15.58,2019,259
"1678",14.65,2019,288
"1679",13.54,2019,321
"1680",12.94,2019,350
"1681",12.75,2020,14
"1682",13.08,2020,47
"1683",13.69,2020,76
"1684",14.65,2020,105
"1685",15.49,2020,138
"1686",16.07,2020,167
"1687",16.32,2020,197
"1688",16.16,2020,229
"1689",15.65,2020,259
"1690",14.52,2020,288
"1691",13.64,2020,321
"1692",12.66,2020,350
"1693",12.39,2021,14
"1694",12.48,2021,47
"1695",13.4,2021,76
"1696",14.28,2021,105
"1697",15.26,2021,138
"1698",16,2021,167
